date,description,amount,category
2026-08-17,AMZN MKTP US PRINTER PAPER,38.40,office
2026-08-18,AMAZON WEB SERVICES,1210.55,software
2026-08-19,UBER EATS PENDING,34.10,meals
2026-08-20,UBER *TRIP HELP.UBER.COM,27.80,travel
2026-08-21,GOOGLE *GSUITE_ACME,144.00,software
2026-08-24,FACEBK *ADS 7Z2K9,640.00,marketing
2026-08-25,ADP TX/FI TAX DEBIT,5230.18,payroll
2026-08-26,JUSTWORKS INV 9921,21400.00,payroll
2026-08-27,GUSTO FEE 0926,149.00,software
2026-08-28,AIRBNB HMFK2Q9,684.00,travel
2026-08-31,HILTON GARDEN INN BOS,212.30,travel
2026-09-01,SHELL OIL 57442,61.20,travel
2026-09-02,STARBUCKS 0231,4.85,meals
2026-09-03,TST* BLUE BOTTLE CATERING ALL HANDS,420.00,meals
2026-09-04,COSTCO WHSE 0112,318.75,office
2026-09-07,IRS USATAXPYMT,12500.00,other
2026-09-08,STRIPE FEE,88.40,other
2026-09-09,CHASE MONTHLY SERVICE FEE,15.00,other
2026-09-10,COMCAST BUSINESS,189.00,other
2026-09-11,VISTAPRINT BUSINESS CARDS,72.50,marketing
2026-09-14,EVENTBRITE SAASTR ANNUAL,1199.00,marketing
2026-09-15,LINKEDIN JOBS 44821,495.00,other
2026-09-16,ZOOM.US 888-799-9666,149.90,software
2026-09-17,GODADDY DNS RENEWAL,21.99,software
2026-09-18,APPLE.COM/BILL,9.99,software
2026-09-21,SLACK T0123ABC REFUND,-45.00,software
2026-09-22,DELTA AIR REFUND 00482,-412.60,travel
