date,description,amount
2026-09-01,GITHUB INC,84.00
2026-09-01,DELTA AIR 0047382910,412.60
2026-09-02,SQ *BROOKLYN ROASTERS,6.75
2026-09-02,WEWORK SEPTEMBER,1250.00
2026-09-03,GUSTO PAYROLL 0926,18400.00
2026-09-04,GOOGLE ADS 8827461,900.00
2026-09-05,AMZN MKTP US STAPLERS,42.18
2026-09-08,DATADOG,310.00
2026-09-09,UBER TRIP JFK,58.20
2026-09-10,SEAMLESS TEAM LUNCH,164.90
2026-09-11,FIGMA MONTHLY,45.00
2026-09-12,MARRIOTT CHICAGO,389.00
2026-09-15,MAILCHIMP,79.00
2026-09-16,CONED ELECTRIC,220.14
2026-09-17,APPLE.COM/BILL,2.99
